user_name,first_name,last_name,image_url,age
StrokeBill,Billy,Francis,1/male/young/9.jpeg,17
YuThumbs,Yu,Chiu,4/female/young/2.jpg,18
tangrid,Aaron,Tan,4/male/young/2.jpeg,18
FiewEve,Eve,Bartlett,1/female/young/5.jpg,18
AThornNY,Aaron,Thornton,1/male/young/11.jpeg,18
GYP_bkyln,Guan-yin,Pan,4/female/young/11.jpg,18
filtercab,Ye,Hu,4/male/young/13.jpeg,18
Fadifeather,Fadl,Yunus,3/male/young/13.jpeg,19
Ccbaseball,Chuck,Chao,4/male/young/11.jpeg,19
cy_slippery,Casey,Yang,4/male/young/5.jpeg,19
melaniVwoods,Melani,Velazquez,3/female/young/7.jpg,19
wesleymisty,Wesley,Ho,4/male/young/4.jpeg,19
NFloresPuff,Nirma,Flores,3/female/old/6.jpg,20
anayaJ94,Julio,Anaya,3/male/young/6.jpeg,20
kindlee,Lee,Pai,4/male/young/15.jpeg,20
HiLeeds,Scarlett,Lawson,1/female/young/2.jpg,20
batonhenge,Nicholas,Riley,1/male/young/13.jpeg,20
C_X,Xiao,Chen,4/female/young/3.jpg,20
Redvioletdown,Kathryn,Thrasher,2/female/young/2.jpg,21
taocheng,Cheng,Tao,4/male/young/7.jpeg,21
JayLRebel,Jay,Lamb,1/male/young/15.jpeg,21
CalGarner,Callum,Garner,1/male/young/12.jpeg,22
Rrmat,Ray,Robinson,2/male/young/2.jpeg,22
VergaraZforward,Zenobia,Vergara,3/female/young/10.jpg,22
HenrySix,Henry,Martin,1/male/young/3.jpeg,22
Giliniie,Innie,Gil,3/female/young/11.jpg,22
Himorat,Isobel,Garner,1/female/young/11.jpg,22
JakeR00k,Jake,Hyde,1/male/young/8.jpeg,22
movehacheston,James,Richard,2/male/young/1.jpeg,22
Tamezibi,Ibi,Tamez,3/female/old/9.jpg,22
RSJolt90,Rihana,Samaha,3/female/young/12.jpg,22
JhsingGasp,Jenny,Hsing,4/female/young/1.jpg,22
LiliTee,Lili,Tao,4/female/young/10.jpg,22
NickAlert,Nicholas,Davison,1/male/young/5.jpeg,23
YasYoung,Yasmin,Young,1/female/young/13.jpg,23
taticejaraven,Tatiana,Ceja,3/female/young/6.jpg,23
Lssnoop,Lenny,Su ,4/female/young/4.jpg,23
thirstytseng,Chan,Tseng,4/female/young/7.jpg,23
Dhmany,Dana,Hsu,4/female/young/8.jpg,23
solidblockDanny,Danny,Quintana,2/male/young/7.jpeg,24
jingKung90,Jing,Kung,4/female/young/12.jpg,24
chienJ,Jun,Chien,4/male/young/9.jpeg,24
Eacovedodrift,Emiliano,Acovedo,3/male/young/1.jpeg,25
gymnastliam,Liam,Tsao,4/male/young/1.jpeg,25
MyCatStew,Caitlin,Stewart,1/female/young/7.jpg,25
Evor1994,Ellis,Kemp,1/male/young/1.jpeg,25
Jbdear,Jude,Barnett,1/male/young/6.jpeg,25
aerobicsmean,Maria,Johnson,2/female/young/12.jpg,25
numablue,Numa,Olivera,3/female/young/2.jpg,25
gquintanillaSF,Georges,Quintanilla,3/male/young/14.jpeg,25
HollyFoptician,Holly,Feng,4/female/young/6.jpg,26
Cyclewall80s,Oscar,Wall,1/male/young/7.jpeg,26
aryvenegas,Ary,Venegas,3/female/young/4.jpg,26
granadosJposse,Jovianne,Granados,3/female/young/5.jpg,26
fabeljumper,Donna,McClain,2/female/young/10.jpg,27
ZoeJalopy,Zoe,Rivera,2/female/young/8.jpg,27
GGDossier,Gustav,Glenn,2/male/young/3.jpeg,27
BeckieCloned,Rebecca,Holmes,1/female/young/15.jpg,27
Wareat,Courtney,Ford,1/female/young/6.jpg,27
rosesGW,Glenda,Winn,2/female/young/11.jpg,27
JLBeepingCute,Jamie,Lind,2/female/young/3.jpg,27
mao_shu_fang,Shu Fang,Mao,4/female/old/11.jpg,27
meiniehunky,Stephen,Slater,2/male/young/14.jpeg,28
j0sehonk,Jose,Benitez,3/male/young/8.jpeg,28
ChazR85,Charles,Reid,1/male/young/10.jpeg,28
EveLeo,Evelyn,Leonard,2/female/young/9.jpg,28
MiaMe,Mia,Doherty,1/female/young/4.jpg,29
walking_tm,Trevor,Meecham,2/male/young/9.jpeg,29
jadedpowergirl,Mary,Cowherd,2/female/young/13.jpg,30
darlingXQK,Xin Qian,Kao,4/female/young/5.jpg,30
KayRoad,Kayleigh,Dean,1/male/young/14.jpeg,31
RJawa001,Rudayna,Jawa,3/female/young/8.jpg,31
AllieL004,Allie,Lung,4/female/young/13.jpg,31
Saidence,Lydia,Rose,1/female/young/3.jpg,31
fristonpea,Charlie,Dacosta,2/male/young/12.jpeg,32
FastFlt,Emma,Cartwright,1/female/old/8.jpg,32
dancanrock,Daniel,Rock,2/male/young/13.jpeg,32
Jtpicnic,Jon,Toledo,3/male/young/10.jpeg,33
lipshalftimeBH,Benjamin,Hill,2/male/young/6.jpeg,33
MedinaGfillet,Gisela,Medina,3/female/young/9.jpg,33
festivePK,Philip,Krebs,2/male/young/4.jpeg,34
huichang80,Hui,Chang,4/female/old/4.jpg,34
basecourtdouble,Marvin,Brown,2/male/young/15.jpeg,34
parramanhook,Evangelino,Parra,3/male/young/3.jpeg,35
Spastry,Natasha,Duncan,1/female/young/1.jpg,36
EWebbJazz,Erin,Webb,2/female/old/2.jpg,37
Booke1975,Skye,Mitchell,1/female/old/10.jpg,37
Aptaidene,Rosie,Tyler,1/female/old/15.jpg,38
yihouMay4th,Yi,Hou,4/female/old/10.jpg,39
aidinfinity,Aidee,Madera,3/female/old/5.jpg,40
seifKmellow,Kadir,Seif,3/male/young/4.jpeg,40
rafahscorpi0,Rafah,Mikhail,3/female/old/4.jpg,40
GraciePacy,Grace,Pollard,1/female/young/12.jpg,41
TamBatch,Tammy,Batchelor,2/female/old/4.jpg,42
adalgisa_cuellar,Adalgisa,Cuellar,3/female/old/2.jpg,42
AA71,Aidan,Akhtar,1/male/old/4.jpeg,42
WBJ_LA,William,Johnson,2/male/old/1.jpeg,42
yize_dancer,Yi Ze,Lin,4/female/old/3.jpg,43
ChagallXo,Katherine,Arnold,1/female/old/14.jpg,43
ElleV,Eleonor,Villanueva,3/female/old/3.jpg,43
BennettCoffee,Michael,Bennett,2/male/old/8.jpeg,44
MaribelMom,Maribel,Dodge,2/female/old/5.jpg,44
Tiffany_J,Tiffany,Jackson,2/female/old/7.jpg,44
Ltruss,Lindsey,Trussell,2/female/old/6.jpg,46
ThisTrank66,Erin,Stanley,1/female/old/2.jpg,47
pattypurple,Patricia,Moore,3/female/old/10.jpg,47
SmingThengs,Rosie,Blackburn,1/female/old/11.jpg,48
Prots1963,Louise,Gibson,1/female/old/12.jpg,49
LeeH4U,Lee,Huang,4/male/old/7.jpeg,49
tuanL_veggie,Lin,Tuan,4/female/old/7.jpg,53
masihabdul,Abdul,Masih,3/male/old/15.jpeg,54
DiazEDiaz,Emir,Diaz,3/male/old/6.jpeg,54
cleverIngmarO,Ingmar,Olivera,3/male/young/7.jpeg,54
HiggMan,Brandon,Higgins,1/male/old/14.jpeg,55
JC_halifax,Jin,Chien,4/male/old/2.jpeg,55
Dbcyborg,David,Bruce,2/male/old/2.jpeg,56
HH_triathlete,Hashim,Haik,3/male/old/5.jpeg,56
crowdedrumble,Qiang,Hu,4/male/old/4.jpeg,56
CoyFish,Helen,Coy,2/female/old/9.jpg,57
Theiner,Olivia,Gill,1/female/old/1.jpg,58
Donaldswake,Donald,Rodriquez,2/male/old/13.jpeg,58
Darnording,Jodie,Hall,1/female/old/6.jpg,58
BernieStew,Bernie,Stewart,2/male/old/5.jpeg,59
sam_h,Sam,Hao,4/male/old/12.jpeg,59
climbingmorales,Jack,Morales,2/male/old/10.jpeg,60
quinterophx,Guy,Quintero,3/male/old/12.jpeg,60
SamKirb,Samantha,Kirby,2/female/old/3.jpg,61
mattperkins,Matthew,Perkins,2/male/old/11.jpeg,61
handal_m,Munirah,Handal,3/female/old/7.jpg,61
DuncanLThirst,Duncan,Loera,3/male/old/8.jpeg,61
fangwei,Wei,Fang,4/female/old/2.jpg,61
FaulknerL,Lucas,Faulkner,1/male/old/12.jpeg,61
CarterDo,Donnie,Carter,2/male/old/6.jpeg,61
assafpoliceman,Basil,Assaf,3/male/old/14.jpeg,61
Apreston,Alice,Preston,2/female/old/12.jpg,62
KenVKen,Kenneth,Vineyard,2/male/old/12.jpeg,62
TerryC,Terry,Chou,4/male/old/13.jpeg,63
DaveMills,David,Mills,1/male/old/15.jpeg,63
MickRand,Michael,Randall,1/male/old/8.jpeg,63
AS_yawn,Alim,Shamoon,3/male/old/9.jpeg,63
yuanlei,Lei,Yuan,4/female/old/1.jpg,64
Tbrenn,Toby,Brennan,1/male/old/5.jpeg,65
hecuicui,Cui,He,4/female/old/6.jpg,65
GpaLogan,Logan,Douglas,1/male/old/11.jpeg,65
movelivelyHF,Hannah,Fraser,2/female/old/15.jpg,65
TonysNest,Tony,Deloach,2/male/old/7.jpeg,65
mcruz40,Matteo,Cruz,3/male/old/3.jpeg,65
GonzRomeo,Romeo,Gonzalez,3/male/old/7.jpeg,66
PaddyM,Patrick,Moore,1/male/old/3.jpeg,67
FrostyAndy,Andrew,Frost,1/male/old/2.jpeg,67
archeryisis,Aaliyah,Fowler,2/female/old/13.jpg,67
HaynesOH,Connor,Haynes,1/male/old/7.jpeg,68
bastbank,Bastien,Acavedo,3/male/old/13.jpeg,68
Therver,James,Hyde,1/male/old/1.jpeg,69
SimpsonC,Corey,Simpson,1/male/old/9.jpeg,69
Pung1943,Zara,Potter,1/female/old/7.jpg,70
mrsyeh,Lixue,Yeh,4/female/old/12.jpg,70
BeccaStrada,Rebecca,Estrada,3/female/old/8.jpg,71
WillChiang,William,Chiang,4/male/old/10.jpeg,72
MrPark_Ke,Ke,Park,4/male/old/15.jpeg,72
trumpetGary,Gary,Edgington,2/male/old/3.jpeg,73
BowdDance,Edward,Howells,1/male/old/10.jpeg,73
Lt1940,Li,Tai,4/male/old/5.jpeg,73
shammasWAM,Waleed,Shammas,3/male/old/4.jpeg,74
mrbahar,Fatih,Bahar,3/male/old/10.jpeg,74
LiqinTien,Li Qin,Tien,4/female/old/8.jpg,82